{
  "spell_classes": {
    "hippi": "130",
    "plague": "0",
    "obstreperosity": "114",
    "quarl": "79",
    "potifer": "0",
    "pindarism": "1",
    "disenvelop": "63",
    "morphophyly": "1",
    "polytrope": "111",
    "preguiding": "2",
    "slided": "2",
    "asphalter": "3",
    "compital": "3",
    "elasmotherium": "3",
    "acroscleroderma": "3",
    "operantly": "3",
    "maypoles": "3",
    "cladoniaceae": "3",
    "quartzy": "76",
    "deceives": "3",
    "untaint": "84",
    "nonheroically": "17",
    "rumblingly": "29",
    "imprevisible": "4",
    "repressibly": "4",
    "mauley": "4",
    "cooty": "4",
    "eluder": "132",
    "excretolic": "70",
    "huxter": "5",
    "tarabooka": "114",
    "financier": "130",
    "semantical": "5",
    "unregretfully": "5",
    "gillied": "118",
    "outranged": "6",
    "bl": "6",
    "sarigue": "6",
    "portfolio": "6",
    "zimarra": "82",
    "tableful": "131",
    "forehatch": "112",
    "gorra": "93",
    "nonwrite": "7",
    "rangefinder": "97",
    "intersole": "53",
    "bluming": "66",
    "antiproductivity": "101",
    "geologize": "8",
    "monothelism": "57",
    "inface": "9",
    "fossicked": "10",
    "universality": "11",
    "anarcotin": "128",
    "colinearity": "12",
    "dimaris": "12",
    "wadable": "13",
    "daffier": "14",
    "ethnologist": "48",
    "nondomestic": "15",
    "infranodal": "16",
    "bennets": "124",
    "colonelcies": "17",
    "dandriffs": "18",
    "cockhead": "118",
    "perambulating": "123",
    "basifier": "18",
    "unescheatable": "47",
    "microgrooves": "19",
    "prevues": "20",
    "butlerism": "21",
    "derivately": "86",
    "tigroid": "22",
    "coverless": "105",
    "wondrousness": "23",
    "scenarios": "24",
    "acidizing": "25",
    "palmesthesia": "26",
    "foreslack": "27",
    "recaptured": "28",
    "anaesthetics": "42",
    "impartable": "29",
    "tempesting": "29",
    "maormor": "108",
    "filestatus": "29",
    "rechabitism": "29",
    "zoogloea": "30",
    "outscolding": "31",
    "uncredentialed": "31",
    "unsupplicating": "32",
    "dhows": "33",
    "thaumasite": "34",
    "grasseye": "35",
    "galoshed": "36",
    "systematized": "114",
    "haystacks": "37",
    "communication": "38",
    "byzantinize": "38",
    "brotan": "39",
    "chytrid": "39",
    "doggereled": "40",
    "gursh": "41",
    "rootlessness": "42",
    "aphasic": "43",
    "cholelithotrity": "102",
    "grivets": "44",
    "oxwort": "45",
    "clem": "66",
    "impinguate": "46",
    "circinate": "47",
    "superculture": "47",
    "overdeliciously": "48",
    "heehawed": "49",
    "diachrony": "50",
    "nonsolids": "51",
    "reshear": "51",
    "reediemadeasy": "89",
    "drypoint": "52",
    "sapin": "53",
    "hydrophyton": "54",
    "binauricular": "55",
    "fundamental": "56",
    "chrysomelidae": "57",
    "diapause": "58",
    "gravisphere": "59",
    "agrotechny": "60",
    "vermiculated": "61",
    "lamastery": "62",
    "gnomelike": "63",
    "ungarbed": "64",
    "yellowbill": "65",
    "cultellation": "66",
    "tarsia": "67",
    "shakably": "68",
    "depraved": "69",
    "entodermal": "70",
    "cetologist": "71",
    "turkeybush": "72",
    "peerdom": "73",
    "hexagonally": "74",
    "oligoprothesy": "75",
    "upflash": "76",
    "scholarship": "77",
    "chrysohermidin": "78",
    "unperforative": "79",
    "confers": "80",
    "noodleism": "81",
    "scimitared": "82",
    "tubulariidae": "82",
    "petrolage": "83",
    "consonantize": "84",
    "myxococcus": "85",
    "untholeable": "86",
    "poisers": "87",
    "audiovisual": "88",
    "reconduction": "89",
    "endosiphuncle": "90",
    "membered": "91",
    "astronomers": "92",
    "laddikie": "93",
    "hackmall": "94",
    "eobiont": "95",
    "deiced": "96",
    "feign": "97",
    "prophetship": "98",
    "pediculofrontal": "99",
    "zorro": "100",
    "basitting": "101",
    "artus": "102",
    "stoutwood": "103",
    "yummiest": "104",
    "frequenting": "105",
    "longicaudate": "106",
    "smearers": "107",
    "adati": "108",
    "monotonousness": "109",
    "seminasality": "110",
    "sturk": "111",
    "tallithes": "112",
    "aro": "113",
    "thermometamorphism": "114",
    "birefringent": "115",
    "spicecake": "116",
    "overcoating": "117",
    "bisexed": "118",
    "hydrophytous": "119",
    "filterman": "120",
    "superacromial": "121",
    "deselects": "122",
    "nineholes": "123",
    "autoaspiration": "124",
    "rosebuds": "125",
    "underproducer": "126",
    "kanaff": "127",
    "bearish": "128",
    "pathetize": "129",
    "fountainwise": "130",
    "proprovost": "131",
    "cercolabidae": "132",
    "lophin": "133"
  },
  "class_relations": {
    "130": {
      "beats": [
        "95",
        "111",
        "6",
        "108",
        "17"
      ],
      "beaten_by": [
        "3",
        "6",
        "51"
      ]
    },
    "0": {
      "beats": [
        "1",
        "118",
        "124"
      ],
      "beaten_by": [
        "47",
        "128"
      ]
    },
    "114": {
      "beats": [
        "87",
        "76",
        "6",
        "124"
      ],
      "beaten_by": [
        "42",
        "3",
        "72"
      ]
    },
    "79": {
      "beats": [
        "123",
        "41",
        "117",
        "118",
        "121"
      ],
      "beaten_by": [
        "78",
        "1",
        "109",
        "128"
      ]
    },
    "1": {
      "beats": [
        "79",
        "102"
      ],
      "beaten_by": [
        "46",
        "0",
        "102"
      ]
    },
    "63": {
      "beats": [
        "112"
      ],
      "beaten_by": [
        "48"
      ]
    },
    "111": {
      "beats": [
        "38",
        "12",
        "96",
        "93",
        "20",
        "89",
        "105",
        "97"
      ],
      "beaten_by": [
        "130",
        "22",
        "65"
      ]
    },
    "2": {
      "beats": [
        "42",
        "6",
        "31"
      ],
      "beaten_by": []
    },
    "3": {
      "beats": [
        "23",
        "130",
        "27",
        "34",
        "102",
        "101",
        "56",
        "70",
        "89",
        "66",
        "57",
        "114",
        "112",
        "4",
        "45"
      ],
      "beaten_by": [
        "38",
        "12",
        "96",
        "93",
        "24",
        "48",
        "66",
        "59",
        "57",
        "19",
        "61",
        "37"
      ]
    },
    "76": {
      "beats": [
        "66",
        "53",
        "112"
      ],
      "beaten_by": [
        "39",
        "5",
        "114",
        "101"
      ]
    },
    "84": {
      "beats": [
        "12",
        "36"
      ],
      "beaten_by": [
        "94",
        "24",
        "19",
        "101"
      ]
    },
    "17": {
      "beats": [
        "66",
        "5"
      ],
      "beaten_by": [
        "130",
        "97"
      ]
    },
    "29": {
      "beats": [
        "102",
        "93",
        "48",
        "105",
        "66",
        "53",
        "9"
      ],
      "beaten_by": [
        "5"
      ]
    },
    "4": {
      "beats": [
        "47",
        "41"
      ],
      "beaten_by": [
        "3",
        "118"
      ]
    },
    "132": {
      "beats": [
        "42"
      ],
      "beaten_by": [
        "123",
        "47"
      ]
    },
    "70": {
      "beats": [
        "82",
        "6"
      ],
      "beaten_by": [
        "3",
        "103",
        "86"
      ]
    },
    "5": {
      "beats": [
        "83",
        "123",
        "32",
        "86",
        "76",
        "29",
        "119"
      ],
      "beaten_by": [
        "64",
        "131",
        "116",
        "31",
        "21",
        "125",
        "6",
        "17"
      ]
    },
    "118": {
      "beats": [
        "56",
        "15",
        "22",
        "4",
        "14"
      ],
      "beaten_by": [
        "88",
        "79",
        "102",
        "77",
        "7",
        "97",
        "66",
        "61",
        "0"
      ]
    },
    "6": {
      "beats": [
        "130",
        "48",
        "15",
        "5",
        "58",
        "22"
      ],
      "beaten_by": [
        "38",
        "23",
        "130",
        "77",
        "56",
        "70",
        "2",
        "90",
        "114",
        "14"
      ]
    },
    "82": {
      "beats": [
        "89"
      ],
      "beaten_by": [
        "70",
        "101"
      ]
    },
    "131": {
      "beats": [
        "66",
        "5"
      ],
      "beaten_by": []
    },
    "112": {
      "beats": [
        "10",
        "31"
      ],
      "beaten_by": [
        "47",
        "124",
        "76",
        "63",
        "3"
      ]
    },
    "93": {
      "beats": [
        "3",
        "122",
        "106"
      ],
      "beaten_by": [
        "42",
        "111",
        "47",
        "29"
      ]
    },
    "7": {
      "beats": [
        "118"
      ],
      "beaten_by": []
    },
    "97": {
      "beats": [
        "86",
        "18",
        "118",
        "17",
        "119"
      ],
      "beaten_by": [
        "111"
      ]
    },
    "53": {
      "beats": [],
      "beaten_by": [
        "76",
        "29",
        "18",
        "108"
      ]
    },
    "66": {
      "beats": [
        "3",
        "118"
      ],
      "beaten_by": [
        "47",
        "51",
        "131",
        "76",
        "29",
        "31",
        "41",
        "108",
        "3",
        "17"
      ]
    },
    "101": {
      "beats": [
        "82",
        "76",
        "84"
      ],
      "beaten_by": [
        "3",
        "119"
      ]
    },
    "8": {
      "beats": [
        "18"
      ],
      "beaten_by": []
    },
    "57": {
      "beats": [
        "123",
        "33",
        "71",
        "109",
        "103",
        "3",
        "133"
      ],
      "beaten_by": [
        "3"
      ]
    },
    "9": {
      "beats": [
        "72"
      ],
      "beaten_by": [
        "29"
      ]
    },
    "10": {
      "beats": [
        "38"
      ],
      "beaten_by": [
        "112"
      ]
    },
    "11": {
      "beats": [],
      "beaten_by": []
    },
    "128": {
      "beats": [
        "38",
        "79",
        "0",
        "48"
      ],
      "beaten_by": [
        "65"
      ]
    },
    "12": {
      "beats": [
        "3",
        "18"
      ],
      "beaten_by": [
        "111",
        "84",
        "107",
        "21"
      ]
    },
    "13": {
      "beats": [],
      "beaten_by": []
    },
    "14": {
      "beats": [
        "6",
        "51"
      ],
      "beaten_by": [
        "118"
      ]
    },
    "48": {
      "beats": [
        "72",
        "3",
        "63"
      ],
      "beaten_by": [
        "6",
        "29",
        "128",
        "124"
      ]
    },
    "15": {
      "beats": [],
      "beaten_by": [
        "6",
        "118"
      ]
    },
    "16": {
      "beats": [],
      "beaten_by": []
    },
    "124": {
      "beats": [
        "48",
        "67",
        "112"
      ],
      "beaten_by": [
        "59",
        "114",
        "0"
      ]
    },
    "18": {
      "beats": [
        "39",
        "53"
      ],
      "beaten_by": [
        "12",
        "8",
        "89",
        "97"
      ]
    },
    "123": {
      "beats": [
        "61",
        "132",
        "37"
      ],
      "beaten_by": [
        "79",
        "77",
        "56",
        "39",
        "67",
        "5",
        "57"
      ]
    },
    "47": {
      "beats": [
        "93",
        "66",
        "132",
        "0",
        "112",
        "91"
      ],
      "beaten_by": [
        "39",
        "90",
        "23",
        "4"
      ]
    },
    "19": {
      "beats": [
        "3",
        "84"
      ],
      "beaten_by": []
    },
    "20": {
      "beats": [],
      "beaten_by": [
        "111"
      ]
    },
    "21": {
      "beats": [
        "12",
        "5"
      ],
      "beaten_by": []
    },
    "86": {
      "beats": [
        "70",
        "22"
      ],
      "beaten_by": [
        "26",
        "97",
        "59",
        "5",
        "91"
      ]
    },
    "22": {
      "beats": [
        "111"
      ],
      "beaten_by": [
        "86",
        "6",
        "118"
      ]
    },
    "105": {
      "beats": [
        "108",
        "28",
        "119"
      ],
      "beaten_by": [
        "50",
        "111",
        "41",
        "29"
      ]
    },
    "23": {
      "beats": [
        "47",
        "6"
      ],
      "beaten_by": [
        "3"
      ]
    },
    "24": {
      "beats": [
        "3",
        "84"
      ],
      "beaten_by": []
    },
    "25": {
      "beats": [],
      "beaten_by": []
    },
    "26": {
      "beats": [
        "86"
      ],
      "beaten_by": []
    },
    "27": {
      "beats": [],
      "beaten_by": [
        "42",
        "3"
      ]
    },
    "28": {
      "beats": [],
      "beaten_by": [
        "105"
      ]
    },
    "42": {
      "beats": [
        "93",
        "114",
        "27",
        "58"
      ],
      "beaten_by": [
        "38",
        "2",
        "132",
        "98"
      ]
    },
    "108": {
      "beats": [
        "66",
        "53",
        "69"
      ],
      "beaten_by": [
        "105",
        "130",
        "102"
      ]
    },
    "30": {
      "beats": [],
      "beaten_by": []
    },
    "31": {
      "beats": [
        "66",
        "5",
        "89"
      ],
      "beaten_by": [
        "2",
        "112"
      ]
    },
    "32": {
      "beats": [],
      "beaten_by": [
        "5"
      ]
    },
    "33": {
      "beats": [],
      "beaten_by": [
        "57"
      ]
    },
    "34": {
      "beats": [],
      "beaten_by": [
        "3"
      ]
    },
    "35": {
      "beats": [],
      "beaten_by": []
    },
    "36": {
      "beats": [],
      "beaten_by": [
        "84"
      ]
    },
    "37": {
      "beats": [
        "3"
      ],
      "beaten_by": [
        "123"
      ]
    },
    "38": {
      "beats": [
        "83",
        "42",
        "6",
        "3",
        "133"
      ],
      "beaten_by": [
        "111",
        "10",
        "128"
      ]
    },
    "39": {
      "beats": [
        "123",
        "76",
        "47",
        "74"
      ],
      "beaten_by": [
        "18"
      ]
    },
    "40": {
      "beats": [],
      "beaten_by": []
    },
    "41": {
      "beats": [
        "66",
        "105"
      ],
      "beaten_by": [
        "79",
        "4"
      ]
    },
    "43": {
      "beats": [],
      "beaten_by": []
    },
    "102": {
      "beats": [
        "1",
        "51",
        "118",
        "108"
      ],
      "beaten_by": [
        "83",
        "3",
        "1",
        "29"
      ]
    },
    "44": {
      "beats": [],
      "beaten_by": []
    },
    "45": {
      "beats": [],
      "beaten_by": [
        "3"
      ]
    },
    "46": {
      "beats": [
        "1"
      ],
      "beaten_by": []
    },
    "49": {
      "beats": [
        "89"
      ],
      "beaten_by": []
    },
    "50": {
      "beats": [
        "105",
        "89"
      ],
      "beaten_by": []
    },
    "51": {
      "beats": [
        "66",
        "130"
      ],
      "beaten_by": [
        "14",
        "102"
      ]
    },
    "89": {
      "beats": [
        "18"
      ],
      "beaten_by": [
        "87",
        "82",
        "50",
        "49",
        "111",
        "95",
        "31",
        "3"
      ]
    },
    "52": {
      "beats": [],
      "beaten_by": []
    },
    "54": {
      "beats": [],
      "beaten_by": []
    },
    "55": {
      "beats": [],
      "beaten_by": []
    },
    "56": {
      "beats": [
        "123",
        "6"
      ],
      "beaten_by": [
        "3",
        "118"
      ]
    },
    "58": {
      "beats": [],
      "beaten_by": [
        "42",
        "6"
      ]
    },
    "59": {
      "beats": [
        "3",
        "86",
        "124"
      ],
      "beaten_by": []
    },
    "60": {
      "beats": [],
      "beaten_by": []
    },
    "61": {
      "beats": [
        "3",
        "118"
      ],
      "beaten_by": [
        "123"
      ]
    },
    "62": {
      "beats": [],
      "beaten_by": []
    },
    "64": {
      "beats": [
        "5"
      ],
      "beaten_by": []
    },
    "65": {
      "beats": [
        "111",
        "128"
      ],
      "beaten_by": []
    },
    "67": {
      "beats": [
        "123"
      ],
      "beaten_by": [
        "124"
      ]
    },
    "68": {
      "beats": [],
      "beaten_by": []
    },
    "69": {
      "beats": [],
      "beaten_by": [
        "108"
      ]
    },
    "71": {
      "beats": [],
      "beaten_by": [
        "57"
      ]
    },
    "72": {
      "beats": [
        "114"
      ],
      "beaten_by": [
        "48",
        "9"
      ]
    },
    "73": {
      "beats": [],
      "beaten_by": []
    },
    "74": {
      "beats": [],
      "beaten_by": [
        "39"
      ]
    },
    "75": {
      "beats": [],
      "beaten_by": []
    },
    "77": {
      "beats": [
        "123",
        "6",
        "118"
      ],
      "beaten_by": []
    },
    "78": {
      "beats": [
        "79"
      ],
      "beaten_by": []
    },
    "80": {
      "beats": [],
      "beaten_by": []
    },
    "81": {
      "beats": [],
      "beaten_by": []
    },
    "83": {
      "beats": [
        "102"
      ],
      "beaten_by": [
        "38",
        "5"
      ]
    },
    "85": {
      "beats": [],
      "beaten_by": []
    },
    "87": {
      "beats": [
        "89"
      ],
      "beaten_by": [
        "114"
      ]
    },
    "88": {
      "beats": [
        "118"
      ],
      "beaten_by": []
    },
    "90": {
      "beats": [
        "47",
        "6"
      ],
      "beaten_by": []
    },
    "91": {
      "beats": [
        "86"
      ],
      "beaten_by": [
        "47"
      ]
    },
    "92": {
      "beats": [],
      "beaten_by": []
    },
    "94": {
      "beats": [
        "84"
      ],
      "beaten_by": []
    },
    "95": {
      "beats": [
        "89"
      ],
      "beaten_by": [
        "130"
      ]
    },
    "96": {
      "beats": [
        "3"
      ],
      "beaten_by": [
        "111"
      ]
    },
    "98": {
      "beats": [
        "42"
      ],
      "beaten_by": []
    },
    "99": {
      "beats": [],
      "beaten_by": []
    },
    "100": {
      "beats": [],
      "beaten_by": []
    },
    "103": {
      "beats": [
        "70"
      ],
      "beaten_by": [
        "57"
      ]
    },
    "104": {
      "beats": [],
      "beaten_by": []
    },
    "106": {
      "beats": [],
      "beaten_by": [
        "93"
      ]
    },
    "107": {
      "beats": [
        "12"
      ],
      "beaten_by": []
    },
    "109": {
      "beats": [
        "79"
      ],
      "beaten_by": [
        "57"
      ]
    },
    "110": {
      "beats": [],
      "beaten_by": []
    },
    "113": {
      "beats": [],
      "beaten_by": []
    },
    "115": {
      "beats": [],
      "beaten_by": []
    },
    "116": {
      "beats": [
        "5"
      ],
      "beaten_by": []
    },
    "117": {
      "beats": [],
      "beaten_by": [
        "79"
      ]
    },
    "119": {
      "beats": [
        "101"
      ],
      "beaten_by": [
        "5",
        "105",
        "97"
      ]
    },
    "120": {
      "beats": [],
      "beaten_by": []
    },
    "121": {
      "beats": [],
      "beaten_by": [
        "79"
      ]
    },
    "122": {
      "beats": [],
      "beaten_by": [
        "93"
      ]
    },
    "125": {
      "beats": [
        "5"
      ],
      "beaten_by": []
    },
    "126": {
      "beats": [],
      "beaten_by": []
    },
    "127": {
      "beats": [],
      "beaten_by": []
    },
    "129": {
      "beats": [],
      "beaten_by": []
    },
    "133": {
      "beats": [],
      "beaten_by": [
        "38",
        "57"
      ]
    }
  },
  "all_spells_seen": [
    "plague",
    "morphophyly",
    "polytrope",
    "preguiding",
    "acroscleroderma",
    "repressibly",
    "semantical",
    "quartzy",
    "outranged",
    "nonwrite",
    "obstreperosity",
    "geologize",
    "inface",
    "fossicked",
    "universality",
    "colinearity",
    "maypoles",
    "wadable",
    "daffier",
    "nondomestic",
    "infranodal",
    "colonelcies",
    "cooty",
    "dandriffs",
    "unescheatable",
    "microgrooves",
    "prevues",
    "intersole",
    "butlerism",
    "tigroid",
    "wondrousness",
    "scenarios",
    "hippi",
    "acidizing",
    "palmesthesia",
    "foreslack",
    "recaptured",
    "tempesting",
    "financier",
    "zoogloea",
    "uncredentialed",
    "unsupplicating",
    "dhows",
    "thaumasite",
    "grasseye",
    "galoshed",
    "haystacks",
    "byzantinize",
    "eluder",
    "bl",
    "rangefinder",
    "operantly",
    "anaesthetics",
    "unregretfully",
    "brotan",
    "doggereled",
    "gursh",
    "rootlessness",
    "filestatus",
    "derivately",
    "gillied",
    "aphasic",
    "grivets",
    "oxwort",
    "ethnologist",
    "potifer",
    "impinguate",
    "superculture",
    "overdeliciously",
    "heehawed",
    "diachrony",
    "reshear",
    "drypoint",
    "sapin",
    "hydrophyton",
    "binauricular",
    "reediemadeasy",
    "fundamental",
    "chrysomelidae",
    "diapause",
    "gravisphere",
    "agrotechny",
    "vermiculated",
    "lamastery",
    "gnomelike",
    "ungarbed",
    "yellowbill",
    "cultellation",
    "tarsia",
    "shakably",
    "depraved",
    "entodermal",
    "circinate",
    "cetologist",
    "rumblingly",
    "turkeybush",
    "peerdom",
    "hexagonally",
    "oligoprothesy",
    "upflash",
    "scholarship",
    "monothelism",
    "chrysohermidin",
    "mauley",
    "unperforative",
    "confers",
    "noodleism",
    "tubulariidae",
    "petrolage",
    "consonantize",
    "myxococcus",
    "untholeable",
    "nonsolids",
    "quarl",
    "dimaris",
    "poisers",
    "anarcotin",
    "audiovisual",
    "forehatch",
    "reconduction",
    "endosiphuncle",
    "membered",
    "astronomers",
    "cockhead",
    "laddikie",
    "elasmotherium",
    "hackmall",
    "eobiont",
    "deiced",
    "imprevisible",
    "cholelithotrity",
    "maormor",
    "tableful",
    "perambulating",
    "feign",
    "sarigue",
    "prophetship",
    "pediculofrontal",
    "zorro",
    "basitting",
    "deceives",
    "artus",
    "tarabooka",
    "scimitared",
    "stoutwood",
    "yummiest",
    "frequenting",
    "communication",
    "zimarra",
    "slided",
    "longicaudate",
    "smearers",
    "adati",
    "monotonousness",
    "asphalter",
    "seminasality",
    "sturk",
    "tallithes",
    "aro",
    "thermometamorphism",
    "birefringent",
    "outscolding",
    "coverless",
    "spicecake",
    "overcoating",
    "compital",
    "bisexed",
    "pindarism",
    "nonheroically",
    "clem",
    "antiproductivity",
    "hydrophytous",
    "filterman",
    "superacromial",
    "deselects",
    "nineholes",
    "autoaspiration",
    "rosebuds",
    "underproducer",
    "basifier",
    "kanaff",
    "bearish",
    "excretolic",
    "impartable",
    "pathetize",
    "huxter",
    "fountainwise",
    "systematized",
    "disenvelop",
    "bluming",
    "cladoniaceae",
    "proprovost",
    "chytrid",
    "bennets",
    "cercolabidae",
    "gorra",
    "untaint",
    "portfolio",
    "lophin",
    "rechabitism"
  ],
  "spell_outcomes": {
    "diachrony": {
      "wins": [
        "reediemadeasy",
        "coverless"
      ],
      "loses": [],
      "draws": [
        "diachrony"
      ]
    },
    "stoutwood": {
      "wins": [
        "excretolic"
      ],
      "loses": [
        "chrysomelidae"
      ],
      "draws": [
        "stoutwood",
        "gillied"
      ]
    },
    "unescheatable": {
      "wins": [
        "forehatch",
        "clem"
      ],
      "loses": [],
      "draws": [
        "unescheatable",
        "dandriffs",
        "superculture"
      ]
    },
    "tableful": {
      "wins": [
        "bluming",
        "semantical"
      ],
      "loses": [],
      "draws": [
        "proprovost",
        "tableful",
        "outscolding",
        "outranged",
        "nonheroically",
        "maormor"
      ]
    },
    "reshear": {
      "wins": [
        "financier"
      ],
      "loses": [],
      "draws": [
        "nonsolids",
        "cockhead",
        "reshear",
        "anarcotin"
      ]
    },
    "bl": {
      "wins": [
        "semantical"
      ],
      "loses": [
        "excretolic"
      ],
      "draws": [
        "acroscleroderma",
        "bl",
        "outranged"
      ]
    },
    "basifier": {
      "wins": [
        "intersole"
      ],
      "loses": [
        "reediemadeasy",
        "rangefinder"
      ],
      "draws": [
        "basifier",
        "dandriffs",
        "derivately"
      ]
    },
    "bisexed": {
      "wins": [],
      "loses": [
        "cholelithotrity",
        "quarl"
      ],
      "draws": [
        "bisexed",
        "cockhead",
        "gillied"
      ]
    },
    "tarsia": {
      "wins": [
        "perambulating"
      ],
      "loses": [
        "bennets"
      ],
      "draws": [
        "financier",
        "cholelithotrity",
        "tarsia"
      ]
    },
    "rootlessness": {
      "wins": [
        "obstreperosity",
        "gorra"
      ],
      "loses": [
        "preguiding",
        "eluder",
        "prophetship"
      ],
      "draws": [
        "rootlessness",
        "anaesthetics",
        "polytrope"
      ]
    },
    "zimarra": {
      "wins": [],
      "loses": [
        "antiproductivity"
      ],
      "draws": [
        "zimarra",
        "tubulariidae",
        "outranged"
      ]
    },
    "financier": {
      "wins": [],
      "loses": [
        "reshear"
      ],
      "draws": [
        "tarsia",
        "fountainwise",
        "financier",
        "semantical",
        "reediemadeasy",
        "chrysomelidae",
        "geologize"
      ]
    },
    "thermometamorphism": {
      "wins": [
        "quartzy"
      ],
      "loses": [
        "turkeybush"
      ],
      "draws": [
        "tarabooka",
        "systematized",
        "obstreperosity",
        "thermometamorphism"
      ]
    },
    "asphalter": {
      "wins": [],
      "loses": [
        "clem"
      ],
      "draws": [
        "portfolio",
        "acroscleroderma",
        "asphalter",
        "derivately"
      ]
    },
    "cockhead": {
      "wins": [
        "tigroid",
        "daffier",
        "fundamental",
        "nondomestic"
      ],
      "loses": [
        "plague",
        "rangefinder",
        "audiovisual",
        "vermiculated",
        "nonwrite"
      ],
      "draws": [
        "dandriffs",
        "cockhead",
        "reshear",
        "oligoprothesy",
        "cetologist",
        "deceives",
        "pindarism",
        "bisexed",
        "superculture"
      ]
    },
    "deceives": {
      "wins": [
        "systematized",
        "clem",
        "excretolic"
      ],
      "loses": [],
      "draws": [
        "cockhead",
        "acroscleroderma",
        "deceives"
      ]
    },
    "slided": {
      "wins": [],
      "loses": [],
      "draws": [
        "reediemadeasy",
        "preguiding",
        "slided"
      ]
    },
    "adati": {
      "wins": [],
      "loses": [],
      "draws": [
        "adati",
        "maormor"
      ]
    },
    "geologize": {
      "wins": [
        "dandriffs"
      ],
      "loses": [],
      "draws": [
        "bluming",
        "financier",
        "intersole",
        "antiproductivity",
        "geologize"
      ]
    },
    "daffier": {
      "wins": [
        "nonsolids",
        "outranged"
      ],
      "loses": [
        "cockhead"
      ],
      "draws": [
        "hippi",
        "daffier",
        "ethnologist"
      ]
    },
    "haystacks": {
      "wins": [
        "acroscleroderma"
      ],
      "loses": [
        "perambulating"
      ],
      "draws": [
        "systematized",
        "haystacks",
        "quarl"
      ]
    },
    "tallithes": {
      "wins": [
        "outscolding"
      ],
      "loses": [
        "bennets",
        "disenvelop",
        "acroscleroderma",
        "quartzy"
      ],
      "draws": [
        "forehatch",
        "tallithes"
      ]
    },
    "hexagonally": {
      "wins": [],
      "loses": [
        "chytrid"
      ],
      "draws": [
        "bennets",
        "hexagonally"
      ]
    },
    "nonwrite": {
      "wins": [
        "cockhead",
        "acroscleroderma"
      ],
      "loses": [],
      "draws": [
        "hippi",
        "rangefinder",
        "forehatch",
        "gorra",
        "nonwrite"
      ]
    },
    "cholelithotrity": {
      "wins": [
        "bisexed",
        "nonsolids",
        "maormor"
      ],
      "loses": [
        "pindarism",
        "petrolage",
        "acroscleroderma",
        "rumblingly"
      ],
      "draws": [
        "tarsia",
        "grivets",
        "diapause",
        "gravisphere",
        "artus",
        "endosiphuncle",
        "cholelithotrity"
      ]
    },
    "recaptured": {
      "wins": [],
      "loses": [
        "coverless"
      ],
      "draws": [
        "recaptured",
        "anaesthetics"
      ]
    },
    "feign": {
      "wins": [
        "colonelcies"
      ],
      "loses": [],
      "draws": [
        "coverless",
        "rangefinder",
        "feign"
      ]
    },
    "bluming": {
      "wins": [],
      "loses": [
        "tableful",
        "outscolding",
        "gursh",
        "colonelcies",
        "maormor"
      ],
      "draws": [
        "cultellation",
        "bluming",
        "cooty",
        "geologize"
      ]
    },
    "nondomestic": {
      "wins": [],
      "loses": [
        "portfolio",
        "cockhead"
      ],
      "draws": [
        "intersole",
        "nondomestic"
      ]
    },
    "artus": {
      "wins": [
        "morphophyly"
      ],
      "loses": [],
      "draws": [
        "cholelithotrity",
        "artus"
      ]
    },
    "outscolding": {
      "wins": [
        "bluming"
      ],
      "loses": [
        "tallithes"
      ],
      "draws": [
        "uncredentialed",
        "tableful"
      ]
    },
    "systematized": {
      "wins": [
        "poisers",
        "outranged"
      ],
      "loses": [
        "deceives"
      ],
      "draws": [
        "haystacks",
        "eluder",
        "systematized",
        "oxwort",
        "thermometamorphism",
        "chytrid",
        "obstreperosity"
      ]
    },
    "eluder": {
      "wins": [
        "rootlessness"
      ],
      "loses": [
        "nineholes"
      ],
      "draws": [
        "eluder",
        "systematized",
        "semantical",
        "monothelism",
        "coverless",
        "cercolabidae",
        "gravisphere",
        "gorra",
        "clem"
      ]
    },
    "reediemadeasy": {
      "wins": [
        "basifier"
      ],
      "loses": [
        "diachrony",
        "polytrope",
        "eobiont",
        "operantly",
        "poisers",
        "uncredentialed",
        "scimitared",
        "heehawed"
      ],
      "draws": [
        "drypoint",
        "financier",
        "ethnologist",
        "slided",
        "reediemadeasy",
        "reconduction",
        "tarabooka",
        "yellowbill"
      ]
    },
    "hydrophyton": {
      "wins": [],
      "loses": [],
      "draws": [
        "hydrophyton"
      ]
    },
    "anaesthetics": {
      "wins": [
        "diapause",
        "foreslack"
      ],
      "loses": [
        "byzantinize"
      ],
      "draws": [
        "rootlessness",
        "anaesthetics",
        "recaptured"
      ]
    },
    "scholarship": {
      "wins": [
        "gillied",
        "perambulating",
        "outranged"
      ],
      "loses": [],
      "draws": [
        "scholarship"
      ]
    },
    "scimitared": {
      "wins": [
        "reediemadeasy"
      ],
      "loses": [],
      "draws": [
        "tubulariidae",
        "scimitared",
        "derivately"
      ]
    },
    "wadable": {
      "wins": [],
      "loses": [],
      "draws": [
        "wadable",
        "polytrope"
      ]
    },
    "hippi": {
      "wins": [
        "eobiont",
        "nonheroically",
        "maormor",
        "outranged"
      ],
      "loses": [
        "acroscleroderma",
        "compital"
      ],
      "draws": [
        "hippi",
        "plague",
        "fountainwise",
        "communication",
        "oxwort",
        "entodermal",
        "daffier",
        "gravisphere",
        "impinguate",
        "nonwrite"
      ]
    },
    "communication": {
      "wins": [],
      "loses": [
        "anarcotin"
      ],
      "draws": [
        "hippi",
        "byzantinize",
        "communication",
        "gorra",
        "clem"
      ]
    },
    "hackmall": {
      "wins": [
        "untaint"
      ],
      "loses": [],
      "draws": [
        "hackmall"
      ]
    },
    "tubulariidae": {
      "wins": [],
      "loses": [
        "entodermal"
      ],
      "draws": [
        "zimarra",
        "scimitared"
      ]
    },
    "semantical": {
      "wins": [
        "petrolage",
        "impartable",
        "nineholes",
        "untholeable",
        "quartzy",
        "unsupplicating",
        "rumblingly",
        "hydrophytous"
      ],
      "loses": [
        "bl",
        "rosebuds",
        "spicecake",
        "butlerism",
        "uncredentialed",
        "ungarbed",
        "colonelcies",
        "tableful"
      ],
      "draws": [
        "eluder",
        "huxter",
        "financier",
        "semantical",
        "unregretfully",
        "tarabooka",
        "excretolic"
      ]
    },
    "scenarios": {
      "wins": [
        "acroscleroderma",
        "untaint"
      ],
      "loses": [],
      "draws": [
        "scenarios"
      ]
    },
    "rangefinder": {
      "wins": [
        "dandriffs",
        "cockhead",
        "basifier",
        "untholeable",
        "hydrophytous"
      ],
      "loses": [
        "sturk"
      ],
      "draws": [
        "peerdom",
        "feign",
        "rangefinder",
        "potifer",
        "intersole",
        "impinguate",
        "nonwrite",
        "membered",
        "cooty"
      ]
    },
    "poisers": {
      "wins": [
        "reediemadeasy"
      ],
      "loses": [
        "systematized"
      ],
      "draws": [
        "poisers"
      ]
    },
    "untholeable": {
      "wins": [],
      "loses": [
        "rangefinder",
        "semantical"
      ],
      "draws": [
        "untholeable",
        "derivately"
      ]
    },
    "underproducer": {
      "wins": [],
      "loses": [],
      "draws": [
        "underproducer"
      ]
    },
    "antiproductivity": {
      "wins": [
        "consonantize",
        "zimarra",
        "upflash"
      ],
      "loses": [
        "acroscleroderma",
        "hydrophytous",
        "elasmotherium"
      ],
      "draws": [
        "byzantinize",
        "peerdom",
        "quarl",
        "coverless",
        "basitting",
        "tigroid",
        "antiproductivity",
        "geologize"
      ]
    },
    "gorra": {
      "wins": [
        "deselects",
        "compital",
        "longicaudate"
      ],
      "loses": [
        "rootlessness",
        "circinate",
        "sturk"
      ],
      "draws": [
        "eluder",
        "laddikie",
        "communication",
        "gorra",
        "nonwrite"
      ]
    },
    "tempesting": {
      "wins": [
        "frequenting",
        "laddikie"
      ],
      "loses": [
        "unregretfully"
      ],
      "draws": [
        "impartable",
        "tempesting",
        "rumblingly",
        "maormor",
        "filestatus",
        "rechabitism"
      ]
    },
    "colinearity": {
      "wins": [
        "dandriffs",
        "elasmotherium"
      ],
      "loses": [
        "consonantize",
        "butlerism",
        "smearers",
        "polytrope"
      ],
      "draws": [
        "monothelism",
        "colinearity",
        "dimaris"
      ]
    },
    "autoaspiration": {
      "wins": [],
      "loses": [],
      "draws": [
        "autoaspiration",
        "bennets"
      ]
    },
    "yummiest": {
      "wins": [],
      "loses": [],
      "draws": [
        "yummiest"
      ]
    },
    "nonsolids": {
      "wins": [
        "cultellation"
      ],
      "loses": [
        "daffier",
        "cholelithotrity"
      ],
      "draws": [
        "nonsolids",
        "reshear",
        "polytrope",
        "elasmotherium"
      ]
    },
    "ethnologist": {
      "wins": [
        "turkeybush",
        "operantly",
        "gnomelike"
      ],
      "loses": [
        "bennets",
        "sarigue",
        "impartable",
        "bearish"
      ],
      "draws": [
        "ethnologist",
        "chytrid",
        "reediemadeasy",
        "coverless",
        "daffier",
        "imprevisible",
        "tigroid",
        "overdeliciously"
      ]
    },
    "aro": {
      "wins": [],
      "loses": [],
      "draws": [
        "aro"
      ]
    },
    "drypoint": {
      "wins": [],
      "loses": [],
      "draws": [
        "reediemadeasy",
        "coverless",
        "drypoint"
      ]
    },
    "acroscleroderma": {
      "wins": [
        "hippi",
        "grivets",
        "foreslack",
        "tallithes",
        "oxwort",
        "fundamental",
        "cholelithotrity",
        "thaumasite",
        "wondrousness",
        "antiproductivity"
      ],
      "loses": [
        "haystacks",
        "microgrooves",
        "chrysomelidae",
        "gravisphere",
        "deiced",
        "vermiculated",
        "nonwrite",
        "scenarios"
      ],
      "draws": [
        "asphalter",
        "compital",
        "elasmotherium",
        "bl",
        "acroscleroderma",
        "operantly",
        "maypoles",
        "cladoniaceae",
        "quartzy",
        "deceives",
        "untaint",
        "nonheroically",
        "rumblingly"
      ]
    },
    "operantly": {
      "wins": [
        "reediemadeasy",
        "chrysomelidae"
      ],
      "loses": [
        "ethnologist"
      ],
      "draws": [
        "acroscleroderma",
        "operantly"
      ]
    },
    "superculture": {
      "wins": [
        "membered",
        "plague",
        "cercolabidae"
      ],
      "loses": [
        "endosiphuncle",
        "wondrousness",
        "imprevisible"
      ],
      "draws": [
        "unescheatable",
        "cockhead",
        "circinate",
        "superculture"
      ]
    },
    "dhows": {
      "wins": [],
      "loses": [
        "chrysomelidae"
      ],
      "draws": [
        "polytrope",
        "dhows"
      ]
    },
    "chrysomelidae": {
      "wins": [
        "stoutwood",
        "monotonousness",
        "dhows",
        "acroscleroderma",
        "cetologist",
        "lophin"
      ],
      "loses": [
        "operantly"
      ],
      "draws": [
        "chrysomelidae",
        "monothelism",
        "financier"
      ]
    },
    "laddikie": {
      "wins": [],
      "loses": [
        "tempesting"
      ],
      "draws": [
        "laddikie",
        "gorra"
      ]
    },
    "portfolio": {
      "wins": [
        "fountainwise",
        "tigroid",
        "diapause",
        "nondomestic"
      ],
      "loses": [],
      "draws": [
        "asphalter",
        "perambulating",
        "circinate",
        "outranged",
        "portfolio"
      ]
    },
    "cetologist": {
      "wins": [],
      "loses": [
        "chrysomelidae"
      ],
      "draws": [
        "cockhead",
        "cetologist"
      ]
    },
    "intersole": {
      "wins": [],
      "loses": [
        "basifier",
        "rumblingly",
        "quartzy"
      ],
      "draws": [
        "sapin",
        "rangefinder",
        "intersole",
        "brotan",
        "nondomestic",
        "geologize"
      ]
    },
    "unperforative": {
      "wins": [
        "perambulating"
      ],
      "loses": [],
      "draws": [
        "unperforative",
        "quarl"
      ]
    },
    "bennets": {
      "wins": [
        "tarsia",
        "ethnologist",
        "tallithes"
      ],
      "loses": [
        "obstreperosity",
        "plague",
        "gravisphere"
      ],
      "draws": [
        "hexagonally",
        "upflash",
        "autoaspiration",
        "bennets",
        "ungarbed",
        "filterman",
        "colonelcies"
      ]
    },
    "excretolic": {
      "wins": [
        "bl"
      ],
      "loses": [
        "stoutwood",
        "deceives",
        "derivately"
      ],
      "draws": [
        "semantical",
        "excretolic",
        "entodermal"
      ]
    },
    "inface": {
      "wins": [
        "turkeybush"
      ],
      "loses": [
        "rumblingly"
      ],
      "draws": [
        "monothelism",
        "inface"
      ]
    },
    "colonelcies": {
      "wins": [
        "bluming",
        "semantical"
      ],
      "loses": [
        "feign"
      ],
      "draws": [
        "bennets",
        "nonheroically",
        "colonelcies"
      ]
    },
    "untaint": {
      "wins": [
        "galoshed"
      ],
      "loses": [
        "hackmall",
        "microgrooves",
        "scenarios"
      ],
      "draws": [
        "petrolage",
        "consonantize",
        "perambulating",
        "oligoprothesy",
        "acroscleroderma",
        "untaint",
        "rumblingly",
        "maormor"
      ]
    },
    "chrysohermidin": {
      "wins": [
        "quarl"
      ],
      "loses": [],
      "draws": [
        "chrysohermidin"
      ]
    },
    "birefringent": {
      "wins": [],
      "loses": [],
      "draws": []
    },
    "agrotechny": {
      "wins": [],
      "loses": [],
      "draws": [
        "agrotechny"
      ]
    },
    "astronomers": {
      "wins": [
        "quartzy"
      ],
      "loses": [],
      "draws": [
        "astronomers"
      ]
    },
    "quartzy": {
      "wins": [
        "intersole",
        "clem",
        "tallithes"
      ],
      "loses": [
        "obstreperosity",
        "semantical",
        "thermometamorphism",
        "astronomers"
      ],
      "draws": [
        "polytrope",
        "shakably",
        "upflash",
        "acroscleroderma",
        "quartzy",
        "zoogloea",
        "gursh"
      ]
    },
    "heehawed": {
      "wins": [
        "reediemadeasy"
      ],
      "loses": [],
      "draws": [
        "polytrope",
        "heehawed"
      ]
    },
    "rumblingly": {
      "wins": [
        "cholelithotrity",
        "inface",
        "intersole"
      ],
      "loses": [
        "semantical"
      ],
      "draws": [
        "acroscleroderma",
        "tempesting",
        "rumblingly",
        "untaint"
      ]
    },
    "elasmotherium": {
      "wins": [
        "repressibly",
        "antiproductivity"
      ],
      "loses": [
        "colinearity",
        "byzantinize"
      ],
      "draws": [
        "nonsolids",
        "acroscleroderma",
        "maormor",
        "elasmotherium"
      ]
    },
    "outranged": {
      "wins": [],
      "loses": [
        "hippi",
        "fountainwise",
        "systematized",
        "preguiding",
        "fundamental",
        "daffier",
        "endosiphuncle",
        "wondrousness",
        "scholarship"
      ],
      "draws": [
        "gillied",
        "bl",
        "sarigue",
        "zimarra",
        "outranged",
        "portfolio",
        "tableful"
      ]
    },
    "clem": {
      "wins": [
        "asphalter",
        "gillied"
      ],
      "loses": [
        "unescheatable",
        "quartzy",
        "impartable",
        "deceives"
      ],
      "draws": [
        "cultellation",
        "eluder",
        "communication",
        "impinguate",
        "clem"
      ]
    },
    "gnomelike": {
      "wins": [],
      "loses": [
        "ethnologist"
      ],
      "draws": [
        "disenvelop",
        "gnomelike"
      ]
    },
    "disenvelop": {
      "wins": [
        "tallithes"
      ],
      "loses": [],
      "draws": [
        "disenvelop",
        "morphophyly",
        "perambulating",
        "gnomelike"
      ]
    },
    "grivets": {
      "wins": [],
      "loses": [
        "acroscleroderma"
      ],
      "draws": [
        "cholelithotrity",
        "quarl",
        "grivets"
      ]
    },
    "entodermal": {
      "wins": [
        "tubulariidae"
      ],
      "loses": [],
      "draws": [
        "hippi",
        "excretolic",
        "entodermal"
      ]
    },
    "sapin": {
      "wins": [
        "morphophyly"
      ],
      "loses": [
        "maormor"
      ],
      "draws": [
        "intersole",
        "sapin"
      ]
    },
    "endosiphuncle": {
      "wins": [
        "superculture",
        "outranged"
      ],
      "loses": [],
      "draws": [
        "endosiphuncle",
        "cholelithotrity"
      ]
    },
    "plague": {
      "wins": [
        "pindarism",
        "bennets",
        "cockhead"
      ],
      "loses": [
        "gursh",
        "superculture",
        "anarcotin"
      ],
      "draws": [
        "hippi",
        "plague",
        "quarl",
        "potifer",
        "audiovisual",
        "obstreperosity"
      ]
    },
    "dimaris": {
      "wins": [],
      "loses": [],
      "draws": [
        "colinearity",
        "dimaris"
      ]
    },
    "butlerism": {
      "wins": [
        "colinearity",
        "semantical"
      ],
      "loses": [],
      "draws": [
        "butlerism",
        "derivately"
      ]
    },
    "impinguate": {
      "wins": [
        "morphophyly"
      ],
      "loses": [],
      "draws": [
        "hippi",
        "rangefinder",
        "clem",
        "impinguate"
      ]
    },
    "nineholes": {
      "wins": [
        "eluder"
      ],
      "loses": [
        "semantical"
      ],
      "draws": [
        "perambulating",
        "nineholes"
      ]
    },
    "dandriffs": {
      "wins": [
        "brotan"
      ],
      "loses": [
        "colinearity",
        "rangefinder",
        "geologize"
      ],
      "draws": [
        "dandriffs",
        "cockhead",
        "perambulating",
        "unescheatable",
        "basifier"
      ]
    },
    "uncredentialed": {
      "wins": [
        "reediemadeasy",
        "semantical"
      ],
      "loses": [
        "preguiding"
      ],
      "draws": [
        "outscolding",
        "uncredentialed"
      ]
    },
    "forehatch": {
      "wins": [
        "fossicked"
      ],
      "loses": [
        "unescheatable"
      ],
      "draws": [
        "nonwrite",
        "forehatch",
        "tallithes"
      ]
    },
    "proprovost": {
      "wins": [],
      "loses": [],
      "draws": [
        "proprovost",
        "tableful"
      ]
    },
    "fundamental": {
      "wins": [
        "perambulating",
        "outranged"
      ],
      "loses": [
        "cockhead",
        "acroscleroderma"
      ],
      "draws": [
        "fundamental"
      ]
    },
    "gursh": {
      "wins": [
        "coverless",
        "bluming",
        "plague"
      ],
      "loses": [
        "repressibly",
        "quarl"
      ],
      "draws": [
        "gursh",
        "quartzy",
        "maormor"
      ]
    },
    "turkeybush": {
      "wins": [
        "thermometamorphism"
      ],
      "loses": [
        "inface",
        "ethnologist"
      ],
      "draws": [
        "turkeybush"
      ]
    },
    "anarcotin": {
      "wins": [
        "communication",
        "plague",
        "potifer"
      ],
      "loses": [
        "yellowbill"
      ],
      "draws": [
        "deselects",
        "gillied",
        "reshear",
        "universality",
        "anarcotin",
        "bearish"
      ]
    },
    "oxwort": {
      "wins": [],
      "loses": [
        "acroscleroderma"
      ],
      "draws": [
        "hippi",
        "systematized",
        "oxwort"
      ]
    },
    "unsupplicating": {
      "wins": [],
      "loses": [
        "semantical"
      ],
      "draws": [
        "unsupplicating",
        "derivately"
      ]
    },
    "nonheroically": {
      "wins": [],
      "loses": [
        "hippi"
      ],
      "draws": [
        "acroscleroderma",
        "nonheroically",
        "colonelcies",
        "tableful"
      ]
    },
    "deselects": {
      "wins": [],
      "loses": [
        "gorra"
      ],
      "draws": [
        "deselects",
        "anarcotin"
      ]
    },
    "acidizing": {
      "wins": [],
      "loses": [],
      "draws": [
        "acidizing"
      ]
    },
    "ungarbed": {
      "wins": [
        "semantical"
      ],
      "loses": [],
      "draws": [
        "bennets",
        "ungarbed"
      ]
    },
    "mauley": {
      "wins": [],
      "loses": [],
      "draws": [
        "coverless",
        "repressibly",
        "mauley"
      ]
    },
    "bearish": {
      "wins": [
        "quarl",
        "ethnologist"
      ],
      "loses": [],
      "draws": [
        "anarcotin",
        "bearish"
      ]
    },
    "doggereled": {
      "wins": [],
      "loses": [],
      "draws": [
        "doggereled"
      ]
    },
    "binauricular": {
      "wins": [],
      "loses": [],
      "draws": [
        "binauricular"
      ]
    },
    "wondrousness": {
      "wins": [
        "superculture",
        "outranged"
      ],
      "loses": [
        "acroscleroderma"
      ],
      "draws": [
        "coverless",
        "wondrousness"
      ]
    },
    "derivately": {
      "wins": [
        "tigroid",
        "excretolic"
      ],
      "loses": [
        "membered",
        "gravisphere",
        "palmesthesia"
      ],
      "draws": [
        "asphalter",
        "impartable",
        "basifier",
        "untholeable",
        "butlerism",
        "unsupplicating",
        "scimitared"
      ]
    },
    "basitting": {
      "wins": [],
      "loses": [],
      "draws": [
        "basitting",
        "antiproductivity"
      ]
    },
    "pathetize": {
      "wins": [],
      "loses": [],
      "draws": [
        "pathetize"
      ]
    },
    "potifer": {
      "wins": [],
      "loses": [
        "anarcotin"
      ],
      "draws": [
        "plague",
        "rangefinder",
        "potifer"
      ]
    },
    "fossicked": {
      "wins": [
        "byzantinize"
      ],
      "loses": [
        "forehatch"
      ],
      "draws": [
        "fossicked"
      ]
    },
    "coverless": {
      "wins": [
        "recaptured",
        "hydrophytous"
      ],
      "loses": [
        "gursh",
        "diachrony",
        "polytrope"
      ],
      "draws": [
        "drypoint",
        "frequenting",
        "eluder",
        "feign",
        "ethnologist",
        "unregretfully",
        "audiovisual",
        "coverless",
        "reconduction",
        "imprevisible",
        "wondrousness",
        "mauley",
        "antiproductivity"
      ]
    },
    "palmesthesia": {
      "wins": [
        "derivately"
      ],
      "loses": [],
      "draws": [
        "palmesthesia"
      ]
    },
    "seminasality": {
      "wins": [],
      "loses": [],
      "draws": [
        "seminasality"
      ]
    },
    "maormor": {
      "wins": [
        "bluming",
        "sapin",
        "depraved"
      ],
      "loses": [
        "hippi",
        "cholelithotrity",
        "fountainwise",
        "frequenting"
      ],
      "draws": [
        "elasmotherium",
        "tempesting",
        "maormor",
        "adati",
        "untaint",
        "pindarism",
        "gursh",
        "tableful"
      ]
    },
    "impartable": {
      "wins": [
        "clem",
        "ethnologist"
      ],
      "loses": [
        "semantical"
      ],
      "draws": [
        "tempesting",
        "impartable",
        "derivately"
      ]
    },
    "brotan": {
      "wins": [
        "perambulating"
      ],
      "loses": [
        "dandriffs"
      ],
      "draws": [
        "intersole",
        "brotan",
        "chytrid"
      ]
    },
    "fountainwise": {
      "wins": [
        "polytrope",
        "maormor",
        "outranged"
      ],
      "loses": [
        "portfolio"
      ],
      "draws": [
        "fountainwise",
        "financier",
        "hippi"
      ]
    },
    "spicecake": {
      "wins": [
        "semantical"
      ],
      "loses": [],
      "draws": [
        "spicecake"
      ]
    },
    "consonantize": {
      "wins": [
        "colinearity"
      ],
      "loses": [
        "antiproductivity"
      ],
      "draws": [
        "consonantize",
        "untaint"
      ]
    },
    "filestatus": {
      "wins": [],
      "loses": [],
      "draws": [
        "gillied",
        "tempesting",
        "filestatus"
      ]
    },
    "perambulating": {
      "wins": [
        "haystacks",
        "vermiculated"
      ],
      "loses": [
        "tarsia",
        "monothelism",
        "fundamental",
        "brotan",
        "unperforative",
        "scholarship"
      ],
      "draws": [
        "dandriffs",
        "nineholes",
        "perambulating",
        "disenvelop",
        "untaint",
        "portfolio"
      ]
    },
    "huxter": {
      "wins": [],
      "loses": [],
      "draws": [
        "semantical",
        "huxter"
      ]
    },
    "cultellation": {
      "wins": [],
      "loses": [
        "nonsolids"
      ],
      "draws": [
        "cultellation",
        "bluming",
        "clem"
      ]
    },
    "maypoles": {
      "wins": [],
      "loses": [],
      "draws": [
        "acroscleroderma",
        "maypoles"
      ]
    },
    "diapause": {
      "wins": [],
      "loses": [
        "portfolio",
        "anaesthetics"
      ],
      "draws": [
        "cholelithotrity",
        "diapause"
      ]
    },
    "imprevisible": {
      "wins": [
        "superculture"
      ],
      "loses": [],
      "draws": [
        "repressibly",
        "quarl",
        "ethnologist",
        "coverless",
        "imprevisible"
      ]
    },
    "microgrooves": {
      "wins": [
        "acroscleroderma",
        "untaint"
      ],
      "loses": [],
      "draws": [
        "microgrooves"
      ]
    },
    "gravisphere": {
      "wins": [
        "bennets",
        "acroscleroderma",
        "derivately"
      ],
      "loses": [],
      "draws": [
        "hippi",
        "cholelithotrity",
        "eluder",
        "gravisphere"
      ]
    },
    "oligoprothesy": {
      "wins": [],
      "loses": [],
      "draws": [
        "cockhead",
        "untaint",
        "oligoprothesy"
      ]
    },
    "overcoating": {
      "wins": [],
      "loses": [
        "quarl"
      ],
      "draws": [
        "overcoating"
      ]
    },
    "foreslack": {
      "wins": [],
      "loses": [
        "acroscleroderma",
        "anaesthetics"
      ],
      "draws": [
        "foreslack"
      ]
    },
    "sturk": {
      "wins": [
        "rangefinder",
        "gorra"
      ],
      "loses": [],
      "draws": [
        "polytrope",
        "sturk"
      ]
    },
    "prophetship": {
      "wins": [
        "rootlessness"
      ],
      "loses": [],
      "draws": [
        "prophetship"
      ]
    },
    "deiced": {
      "wins": [
        "acroscleroderma"
      ],
      "loses": [
        "polytrope"
      ],
      "draws": [
        "obstreperosity",
        "deiced"
      ]
    },
    "tarabooka": {
      "wins": [],
      "loses": [],
      "draws": [
        "tarabooka",
        "semantical",
        "thermometamorphism",
        "reediemadeasy"
      ]
    },
    "lamastery": {
      "wins": [],
      "loses": [],
      "draws": [
        "lamastery"
      ]
    },
    "monothelism": {
      "wins": [
        "perambulating"
      ],
      "loses": [],
      "draws": [
        "inface",
        "eluder",
        "colinearity",
        "chrysomelidae",
        "monothelism"
      ]
    },
    "polytrope": {
      "wins": [
        "byzantinize",
        "colinearity",
        "prevues",
        "reediemadeasy",
        "coverless",
        "deiced"
      ],
      "loses": [
        "fountainwise",
        "tigroid",
        "yellowbill"
      ],
      "draws": [
        "morphophyly",
        "polytrope",
        "sturk",
        "nonsolids",
        "wadable",
        "quartzy",
        "dhows",
        "grasseye",
        "rootlessness",
        "heehawed"
      ]
    },
    "cooty": {
      "wins": [],
      "loses": [
        "gillied"
      ],
      "draws": [
        "repressibly",
        "bluming",
        "rangefinder",
        "cooty"
      ]
    },
    "vermiculated": {
      "wins": [
        "cockhead",
        "acroscleroderma"
      ],
      "loses": [
        "perambulating"
      ],
      "draws": [
        "vermiculated"
      ]
    },
    "shakably": {
      "wins": [],
      "loses": [],
      "draws": [
        "quartzy",
        "shakably"
      ]
    },
    "confers": {
      "wins": [],
      "loses": [],
      "draws": [
        "confers"
      ]
    },
    "kanaff": {
      "wins": [],
      "loses": [],
      "draws": [
        "kanaff"
      ]
    },
    "rosebuds": {
      "wins": [
        "semantical"
      ],
      "loses": [],
      "draws": [
        "rosebuds"
      ]
    },
    "galoshed": {
      "wins": [],
      "loses": [
        "untaint"
      ],
      "draws": [
        "galoshed"
      ]
    },
    "zorro": {
      "wins": [],
      "loses": [],
      "draws": []
    },
    "unregretfully": {
      "wins": [
        "tempesting"
      ],
      "loses": [],
      "draws": [
        "coverless",
        "semantical",
        "unregretfully"
      ]
    },
    "circinate": {
      "wins": [
        "gorra"
      ],
      "loses": [
        "chytrid"
      ],
      "draws": [
        "portfolio",
        "circinate",
        "superculture"
      ]
    },
    "sarigue": {
      "wins": [
        "ethnologist"
      ],
      "loses": [
        "byzantinize"
      ],
      "draws": [
        "outranged",
        "sarigue"
      ]
    },
    "tigroid": {
      "wins": [
        "polytrope"
      ],
      "loses": [
        "portfolio",
        "cockhead",
        "derivately"
      ],
      "draws": [
        "tigroid",
        "ethnologist",
        "antiproductivity"
      ]
    },
    "pindarism": {
      "wins": [
        "cholelithotrity",
        "quarl"
      ],
      "loses": [
        "plague"
      ],
      "draws": [
        "pindarism",
        "cockhead",
        "morphophyly",
        "maormor"
      ]
    },
    "petrolage": {
      "wins": [
        "cholelithotrity"
      ],
      "loses": [
        "byzantinize",
        "semantical"
      ],
      "draws": [
        "petrolage",
        "untaint"
      ]
    },
    "preguiding": {
      "wins": [
        "rootlessness",
        "uncredentialed",
        "outranged"
      ],
      "loses": [],
      "draws": [
        "preguiding",
        "slided"
      ]
    },
    "prevues": {
      "wins": [],
      "loses": [
        "polytrope"
      ],
      "draws": [
        "prevues"
      ]
    },
    "repressibly": {
      "wins": [
        "gursh"
      ],
      "loses": [
        "elasmotherium"
      ],
      "draws": [
        "repressibly",
        "imprevisible",
        "mauley",
        "obstreperosity",
        "cooty"
      ]
    },
    "obstreperosity": {
      "wins": [
        "bennets",
        "quartzy"
      ],
      "loses": [
        "rootlessness"
      ],
      "draws": [
        "plague",
        "systematized",
        "repressibly",
        "thermometamorphism",
        "deiced",
        "obstreperosity"
      ]
    },
    "filterman": {
      "wins": [],
      "loses": [],
      "draws": [
        "bennets",
        "filterman"
      ]
    },
    "lophin": {
      "wins": [],
      "loses": [
        "chrysomelidae",
        "byzantinize"
      ],
      "draws": [
        "lophin"
      ]
    },
    "cercolabidae": {
      "wins": [],
      "loses": [
        "superculture"
      ],
      "draws": [
        "eluder",
        "cercolabidae"
      ]
    },
    "depraved": {
      "wins": [],
      "loses": [
        "maormor"
      ],
      "draws": [
        "depraved"
      ]
    },
    "rechabitism": {
      "wins": [],
      "loses": [],
      "draws": [
        "tempesting",
        "rechabitism"
      ]
    },
    "audiovisual": {
      "wins": [
        "cockhead"
      ],
      "loses": [],
      "draws": [
        "audiovisual",
        "coverless",
        "plague"
      ]
    },
    "grasseye": {
      "wins": [],
      "loses": [],
      "draws": [
        "grasseye",
        "polytrope"
      ]
    },
    "aphasic": {
      "wins": [],
      "loses": [],
      "draws": []
    },
    "reconduction": {
      "wins": [],
      "loses": [],
      "draws": [
        "reediemadeasy",
        "coverless",
        "reconduction"
      ]
    },
    "longicaudate": {
      "wins": [],
      "loses": [
        "gorra"
      ],
      "draws": [
        "longicaudate"
      ]
    },
    "superacromial": {
      "wins": [],
      "loses": [
        "quarl"
      ],
      "draws": [
        "superacromial"
      ]
    },
    "gillied": {
      "wins": [
        "cooty"
      ],
      "loses": [
        "clem",
        "scholarship"
      ],
      "draws": [
        "stoutwood",
        "gillied",
        "anarcotin",
        "outranged",
        "bisexed",
        "filestatus"
      ]
    },
    "cladoniaceae": {
      "wins": [],
      "loses": [],
      "draws": [
        "acroscleroderma",
        "cladoniaceae"
      ]
    },
    "myxococcus": {
      "wins": [],
      "loses": [],
      "draws": []
    },
    "compital": {
      "wins": [
        "hippi"
      ],
      "loses": [
        "gorra"
      ],
      "draws": [
        "acroscleroderma",
        "compital"
      ]
    },
    "membered": {
      "wins": [
        "derivately"
      ],
      "loses": [
        "superculture"
      ],
      "draws": [
        "membered",
        "rangefinder"
      ]
    },
    "pediculofrontal": {
      "wins": [],
      "loses": [],
      "draws": [
        "pediculofrontal"
      ]
    },
    "morphophyly": {
      "wins": [],
      "loses": [
        "sapin",
        "impinguate",
        "artus"
      ],
      "draws": [
        "pindarism",
        "disenvelop",
        "morphophyly",
        "polytrope"
      ]
    },
    "chytrid": {
      "wins": [
        "circinate",
        "hexagonally",
        "upflash"
      ],
      "loses": [],
      "draws": [
        "systematized",
        "ethnologist",
        "brotan",
        "chytrid"
      ]
    },
    "overdeliciously": {
      "wins": [],
      "loses": [],
      "draws": [
        "ethnologist",
        "overdeliciously"
      ]
    },
    "peerdom": {
      "wins": [],
      "loses": [],
      "draws": [
        "rangefinder",
        "peerdom",
        "antiproductivity"
      ]
    },
    "monotonousness": {
      "wins": [
        "quarl"
      ],
      "loses": [
        "chrysomelidae"
      ],
      "draws": [
        "monotonousness"
      ]
    },
    "upflash": {
      "wins": [],
      "loses": [
        "antiproductivity",
        "chytrid"
      ],
      "draws": [
        "bennets",
        "quartzy",
        "upflash"
      ]
    },
    "zoogloea": {
      "wins": [],
      "loses": [],
      "draws": [
        "zoogloea",
        "quartzy"
      ]
    },
    "byzantinize": {
      "wins": [
        "petrolage",
        "elasmotherium",
        "sarigue",
        "anaesthetics",
        "lophin"
      ],
      "loses": [
        "polytrope",
        "fossicked"
      ],
      "draws": [
        "communication",
        "byzantinize",
        "antiproductivity"
      ]
    },
    "eobiont": {
      "wins": [
        "reediemadeasy"
      ],
      "loses": [
        "hippi"
      ],
      "draws": [
        "eobiont"
      ]
    },
    "smearers": {
      "wins": [
        "colinearity"
      ],
      "loses": [],
      "draws": [
        "smearers"
      ]
    },
    "thaumasite": {
      "wins": [],
      "loses": [
        "acroscleroderma"
      ],
      "draws": [
        "thaumasite"
      ]
    },
    "infranodal": {
      "wins": [],
      "loses": [],
      "draws": [
        "infranodal"
      ]
    },
    "hydrophytous": {
      "wins": [
        "antiproductivity"
      ],
      "loses": [
        "coverless",
        "rangefinder",
        "semantical"
      ],
      "draws": [
        "hydrophytous"
      ]
    },
    "frequenting": {
      "wins": [
        "maormor"
      ],
      "loses": [
        "tempesting"
      ],
      "draws": [
        "coverless",
        "frequenting"
      ]
    },
    "universality": {
      "wins": [],
      "loses": [],
      "draws": [
        "universality",
        "anarcotin"
      ]
    },
    "noodleism": {
      "wins": [],
      "loses": [],
      "draws": []
    },
    "quarl": {
      "wins": [
        "bisexed",
        "superacromial",
        "gursh",
        "overcoating"
      ],
      "loses": [
        "pindarism",
        "monotonousness",
        "chrysohermidin",
        "bearish"
      ],
      "draws": [
        "haystacks",
        "plague",
        "grivets",
        "quarl",
        "imprevisible",
        "unperforative",
        "antiproductivity"
      ]
    },
    "yellowbill": {
      "wins": [
        "polytrope",
        "anarcotin"
      ],
      "loses": [],
      "draws": [
        "reediemadeasy",
        "yellowbill"
      ]
    }
  }
}